[
    {
        "pk": 1, 
        "model": "barometre.profil", 
        "fields": {
            "aliases": "total, all, tous", 
            "display": "Total", 
            "slug": "all"
        }
    }, 
    {
        "pk": 2, 
        "model": "barometre.profil", 
        "fields": {
            "aliases": "hommes", 
            "display": "Homme", 
            "slug": "homme"
        }
    }, 
    {
        "pk": 3, 
        "model": "barometre.profil", 
        "fields": {
            "aliases": "femmes", 
            "display": "Femme", 
            "slug": "femme"
        }
    }, 
    {
        "pk": 4, 
        "model": "barometre.profil", 
        "fields": {
            "aliases": "18-24-ans, 18-24", 
            "display": "18 - 24 ans", 
            "slug": "18_24"
        }
    }, 
    {
        "pk": 5, 
        "model": "barometre.profil", 
        "fields": {
            "aliases": "25-34-ans, 25-34", 
            "display": "25 - 34 ans", 
            "slug": "25_34"
        }
    }, 
    {
        "pk": 6, 
        "model": "barometre.profil", 
        "fields": {
            "aliases": "35-49-ans, 35-49", 
            "display": "35 - 49 ans", 
            "slug": "35_49"
        }
    }, 
    {
        "pk": 7, 
        "model": "barometre.profil", 
        "fields": {
            "aliases": "50-64-ans, 50-64", 
            "display": "50 - 64 ans", 
            "slug": "50_64"
        }
    }, 
    {
        "pk": 8, 
        "model": "barometre.profil", 
        "fields": {
            "aliases": "65-ans-et-plus,65-ans-et", 
            "display": "65 ans et +", 
            "slug": "65_plus"
        }
    }, 
    {
        "pk": 9, 
        "model": "barometre.profil", 
        "fields": {
            "aliases": "cadres", 
            "display": "Cadre, profession lib\u00e9rale, profession intellectuelle sup\u00e9rieure, chef d\u2019entreprise de 10 salari\u00e9s ou plus", 
            "slug": "cadre"
        }
    }, 
    {
        "pk": 10, 
        "model": "barometre.profil", 
        "fields": {
            "aliases": "profession-intermediaire-technicien-agent-de-maitrise, techniciens", 
            "display": "Profession interm\u00e9diaire (technicien, agent de maitrise)", 
            "slug": "technicien"
        }
    }, 
    {
        "pk": 11, 
        "model": "barometre.profil", 
        "fields": {
            "aliases": "employe-et-personnel-de-service, employes", 
            "display": "Employ\u00e9 et personnel de service", 
            "slug": "employe"
        }
    }, 
    {
        "pk": 12, 
        "model": "barometre.profil", 
        "fields": {
            "aliases": "ouvrier-qualifie-et-non-qualifie, ouvriers", 
            "display": "Ouvrier qualifi\u00e9 et non qualifi\u00e9", 
            "slug": "ouvrier"
        }
    }, 
    {
        "pk": 13, 
        "model": "barometre.profil", 
        "fields": {
            "aliases": "retraites", 
            "display": "Retrait\u00e9", 
            "slug": "retraite"
        }
    }, 
    {
        "pk": 14, 
        "model": "barometre.profil", 
        "fields": {
            "aliases": "75-paris", 
            "display": "75 - Paris", 
            "slug": "75"
        }
    }, 
    {
        "pk": 15, 
        "model": "barometre.profil", 
        "fields": {
            "aliases": "77-seine-et-marne", 
            "display": "77 - Seine et Marne", 
            "slug": "77"
        }
    }, 
    {
        "pk": 16, 
        "model": "barometre.profil", 
        "fields": {
            "aliases": "78-yvelines", 
            "display": "78 - Yvelines", 
            "slug": "78"
        }
    }, 
    {
        "pk": 17, 
        "model": "barometre.profil", 
        "fields": {
            "aliases": "91-essonne", 
            "display": "91 - Essonne", 
            "slug": "91"
        }
    }, 
    {
        "pk": 18, 
        "model": "barometre.profil", 
        "fields": {
            "aliases": "92-hauts-de-seine", 
            "display": "92 - Hauts-de-seine", 
            "slug": "92"
        }
    }, 
    {
        "pk": 19, 
        "model": "barometre.profil", 
        "fields": {
            "aliases": "93-seine-saint-denis, 93-seine-st-denis", 
            "display": "93 - Seine-Saint-Denis", 
            "slug": "93"
        }
    }, 
    {
        "pk": 20, 
        "model": "barometre.profil", 
        "fields": {
            "aliases": "94-val-de-marne", 
            "display": "94 - Val-de-Marne", 
            "slug": "94"
        }
    }, 
    {
        "pk": 21, 
        "model": "barometre.profil", 
        "fields": {
            "aliases": "95-val-doise,95-val-d-oise", 
            "display": "95 - Val d'Oise", 
            "slug": "95"
        }
    }, 
    {
        "pk": 1, 
        "model": "barometre.question", 
        "fields": {
            "aliases": "transports,transports-en-commun,transport", 
            "display": "Transport", 
            "slug": "transport"
        }
    }, 
    {
        "pk": 2, 
        "model": "barometre.question", 
        "fields": {
            "aliases": "situation-economique", 
            "display": "Economique", 
            "slug": "economique"
        }
    }, 
    {
        "pk": 3, 
        "model": "barometre.question", 
        "fields": {
            "aliases": "environnement,qualite-de-lenvironement,qualite-de-l-environement", 
            "display": "Environnement", 
            "slug": "environnement"
        }
    }, 
    {
        "pk": 34, 
        "model": "barometre.introduction", 
        "fields": {
            "profil": 2, 
            "sentence": "\u00c9volution du taux de satisfaction chez les&nbsp;<b>hommes</b>&nbsp;depuis les 2 derniers mois", 
            "question": 2, 
            "variation": "last_2_month", 
            "format": "trend"
        }
    }, 
    {
        "pk": 38, 
        "model": "barometre.introduction", 
        "fields": {
            "profil": 9, 
            "sentence": "<span style=\"background-color: rgb(255, 255, 255);\">Que pensent les&nbsp;<b>cadres </b></span><span style=\"background-color: rgb(255, 255, 255);\">de&nbsp;</span>la<b>&nbsp;qualit\u00e9 de l'environnement&nbsp;</b><span style=\"background-color: rgb(255, 255, 255);\">en \u00eele-de-France ?</span>", 
            "question": 3, 
            "variation": "", 
            "format": "simple"
        }
    }, 
    {
        "pk": 39, 
        "model": "barometre.introduction", 
        "fields": {
            "profil": 2, 
            "sentence": "<span style=\"background-color: rgb(255, 255, 255);\">Que pensent les <b>hommes&nbsp;</b></span><span style=\"background-color: rgb(255, 255, 255);\">de&nbsp;</span>la<b>&nbsp;qualit\u00e9 de l'environnement&nbsp;</b><span style=\"background-color: rgb(255, 255, 255);\">en \u00eele-de-France ?</span>", 
            "question": 3, 
            "variation": "", 
            "format": "simple"
        }
    }, 
    {
        "pk": 26, 
        "model": "barometre.introduction", 
        "fields": {
            "profil": 2, 
            "sentence": "Que pensent les&nbsp;<b>hommes</b>&nbsp;de la&nbsp;<b>situation \u00e9conomique</b>&nbsp;<span style=\"background-color: rgb(255, 255, 255);\">en \u00cele-de-France ?</span>", 
            "question": 2, 
            "variation": "", 
            "format": "simple"
        }
    }, 
    {
        "pk": 27, 
        "model": "barometre.introduction", 
        "fields": {
            "profil": 4, 
            "sentence": "Que pensent les&nbsp;<b>18-24 ans</b>&nbsp;de la&nbsp;<b>situation \u00e9conomique</b>&nbsp;<span style=\"background-color: rgb(255, 255, 255);\">en \u00cele-de-France ?</span>", 
            "question": 2, 
            "variation": "", 
            "format": "simple"
        }
    }, 
    {
        "pk": 28, 
        "model": "barometre.introduction", 
        "fields": {
            "profil": 7, 
            "sentence": "Que pensent les&nbsp;<b>50-64 ans</b>&nbsp;de la&nbsp;<b>situation \u00e9conomique</b>&nbsp;<span style=\"background-color: rgb(255, 255, 255);\">en \u00cele-de-France ?</span>", 
            "question": 2, 
            "variation": "", 
            "format": "simple"
        }
    }, 
    {
        "pk": 15, 
        "model": "barometre.introduction", 
        "fields": {
            "profil": 2, 
            "sentence": "<span style=\"background-color: rgb(255, 255, 255);\">Que pensent les <b>hommes</b> de la qualit\u00e9 des<b> transports en commun</b> en Ile-de-France ?</span><br>\r\n", 
            "question": 1, 
            "variation": "", 
            "format": "simple"
        }
    }, 
    {
        "pk": 16, 
        "model": "barometre.introduction", 
        "fields": {
            "profil": 15, 
            "sentence": "Que pensent les<b>&nbsp;habitants de Seine-et-Marne</b>&nbsp;de la qualit\u00e9 des<b>&nbsp;transports en commun</b>&nbsp;en Ile-de-France ?", 
            "question": 1, 
            "variation": "", 
            "format": "simple"
        }
    }, 
    {
        "pk": 17, 
        "model": "barometre.introduction", 
        "fields": {
            "profil": 10, 
            "sentence": "Que pensent les<b>&nbsp;professions interm\u00e9diaires</b>&nbsp;de la qualit\u00e9 des<b>&nbsp;transports en commun</b>&nbsp;en Ile-de-France ?", 
            "question": 1, 
            "variation": "", 
            "format": "simple"
        }
    }, 
    {
        "pk": 18, 
        "model": "barometre.introduction", 
        "fields": {
            "profil": 3, 
            "sentence": "Que pensent les<b>&nbsp;femmes&nbsp;</b>de la qualit\u00e9 des<b>&nbsp;transports en commun</b>&nbsp;en Ile-de-France ?<br>\r\n", 
            "question": 1, 
            "variation": "", 
            "format": "simple"
        }
    }, 
    {
        "pk": 29, 
        "model": "barometre.introduction", 
        "fields": {
            "profil": 17, 
            "sentence": "Que pensent les&nbsp;<b>habitants de l'Essonne</b>&nbsp;de la&nbsp;<b>situation \u00e9conomique</b>&nbsp;<span style=\"background-color: rgb(255, 255, 255);\">en \u00cele-de-France ?</span>", 
            "question": 2, 
            "variation": "", 
            "format": "simple"
        }
    }, 
    {
        "pk": 30, 
        "model": "barometre.introduction", 
        "fields": {
            "profil": 12, 
            "sentence": "des&nbsp;<b>ouvriers qualifi\u00e9s et non qualifi\u00e9s</b>&nbsp;consid\u00e8rent que la&nbsp;<b>situation \u00e9conomique&nbsp;</b>est dynamique.", 
            "question": 2, 
            "variation": "", 
            "format": "proportion"
        }
    }, 
    {
        "pk": 31, 
        "model": "barometre.introduction", 
        "fields": {
            "profil": 3, 
            "sentence": "des&nbsp;<b>femmes</b>&nbsp;consid\u00e8rent que la&nbsp;<b>situation \u00e9conomique&nbsp;</b>est dynamique.", 
            "question": 2, 
            "variation": "", 
            "format": "proportion"
        }
    }, 
    {
        "pk": 32, 
        "model": "barometre.introduction", 
        "fields": {
            "profil": 8, 
            "sentence": "des&nbsp;<b>65 ans et plus</b>&nbsp;consid\u00e8rent que la&nbsp;<b>situation \u00e9conomique&nbsp;</b>est dynamique.", 
            "question": 2, 
            "variation": "", 
            "format": "proportion"
        }
    }, 
    {
        "pk": 33, 
        "model": "barometre.introduction", 
        "fields": {
            "profil": 14, 
            "sentence": "des&nbsp;<b>habitants de Paris</b>&nbsp;consid\u00e8rent que la&nbsp;<b>situation \u00e9conomique&nbsp;</b>est dynamique.", 
            "question": 2, 
            "variation": "", 
            "format": "proportion"
        }
    }, 
    {
        "pk": 19, 
        "model": "barometre.introduction", 
        "fields": {
            "profil": 6, 
            "sentence": "des&nbsp;<b>35-49 ans</b>&nbsp;s'estiment satisfait des&nbsp;<b>transports en commun&nbsp;</b>en \u00eele-de-France", 
            "question": 1, 
            "variation": "", 
            "format": "proportion"
        }
    }, 
    {
        "pk": 20, 
        "model": "barometre.introduction", 
        "fields": {
            "profil": 18, 
            "sentence": "des&nbsp;<b>habitant des Hauts-de-Seine&nbsp;</b>s'estiment satisfait des&nbsp;<b>transports en commun&nbsp;</b>en \u00eele-de-France", 
            "question": 1, 
            "variation": "", 
            "format": "proportion"
        }
    }, 
    {
        "pk": 22, 
        "model": "barometre.introduction", 
        "fields": {
            "profil": 13, 
            "sentence": "Evolution du taux de satisfaction chez les&nbsp;<b>retrait\u00e9s</b>&nbsp;depuis un an", 
            "question": 1, 
            "variation": "last_year", 
            "format": "trend"
        }
    }, 
    {
        "pk": 21, 
        "model": "barometre.introduction", 
        "fields": {
            "profil": 20, 
            "sentence": "des&nbsp;<b>habitant du Val-de-Marne&nbsp;</b>s'estiment satisfait des&nbsp;<b>transports en commun&nbsp;</b>en \u00eele-de-France", 
            "question": 1, 
            "variation": "", 
            "format": "proportion"
        }
    }, 
    {
        "pk": 35, 
        "model": "barometre.introduction", 
        "fields": {
            "profil": 14, 
            "sentence": "\u00c9volution du taux de satisfaction chez les <b>Parisiens</b>&nbsp;depuis un an", 
            "question": 2, 
            "variation": "last_year", 
            "format": "trend"
        }
    }, 
    {
        "pk": 36, 
        "model": "barometre.introduction", 
        "fields": {
            "profil": 7, 
            "sentence": "\u00c9volution du taux de satisfaction chez les&nbsp;<b>50-64 ans</b>&nbsp;depuis un an", 
            "question": 2, 
            "variation": "last_year", 
            "format": "trend"
        }
    }, 
    {
        "pk": 23, 
        "model": "barometre.introduction", 
        "fields": {
            "profil": 4, 
            "sentence": "Evolution du taux de satisfaction chez les&nbsp;<b>18-24 ans</b>&nbsp;depuis les 2 derniers mois", 
            "question": 1, 
            "variation": "last_2_month", 
            "format": "trend"
        }
    }, 
    {
        "pk": 25, 
        "model": "barometre.introduction", 
        "fields": {
            "profil": 9, 
            "sentence": "Evolution du taux de satisfaction chez les&nbsp;<b>cadres</b>&nbsp;depuis les 2 derniers mois", 
            "question": 1, 
            "variation": "last_2_month", 
            "format": "trend"
        }
    }, 
    {
        "pk": 37, 
        "model": "barometre.introduction", 
        "fields": {
            "profil": 20, 
            "sentence": "\u00c9volution du taux de satisfaction chez les&nbsp;<b>habitants du Val-de-Marne</b>&nbsp;depuis les 2 derniers mois", 
            "question": 2, 
            "variation": "last_2_month", 
            "format": "trend"
        }
    }, 
    {
        "pk": 24, 
        "model": "barometre.introduction", 
        "fields": {
            "profil": 5, 
            "sentence": "Evolution du taux de satisfaction chez les&nbsp;<b>25-34 ans</b>&nbsp;depuis un an", 
            "question": 1, 
            "variation": "last_year", 
            "format": "trend"
        }
    }, 
    {
        "pk": 40, 
        "model": "barometre.introduction", 
        "fields": {
            "profil": 12, 
            "sentence": "<span style=\"background-color: rgb(255, 255, 255);\">Que pensent les&nbsp;<b>ouvriers qualifi\u00e9s et non qualifi\u00e9s&nbsp;</b></span><span style=\"background-color: rgb(255, 255, 255);\">de&nbsp;</span>la<b>&nbsp;qualit\u00e9 de l'environnement&nbsp;</b><span style=\"background-color: rgb(255, 255, 255);\">en \u00eele-de-France ?</span>", 
            "question": 3, 
            "variation": "", 
            "format": "simple"
        }
    }, 
    {
        "pk": 41, 
        "model": "barometre.introduction", 
        "fields": {
            "profil": 21, 
            "sentence": "des&nbsp;<b>habitants du Val-d'Oise</b>&nbsp;<span style=\"background-color: rgb(255, 255, 255);\">estiment que la&nbsp;<b>qualit\u00e9 de l'environnement</b>&nbsp;est bonne</span>", 
            "question": 3, 
            "variation": "", 
            "format": "proportion"
        }
    }, 
    {
        "pk": 42, 
        "model": "barometre.introduction", 
        "fields": {
            "profil": 2, 
            "sentence": "des&nbsp;<b>hommes</b>&nbsp;<span style=\"background-color: rgb(255, 255, 255);\">estiment que la&nbsp;<b>qualit\u00e9 de l'environnement</b>&nbsp;est bonne</span>", 
            "question": 3, 
            "variation": "", 
            "format": "proportion"
        }
    }, 
    {
        "pk": 43, 
        "model": "barometre.introduction", 
        "fields": {
            "profil": 1, 
            "sentence": "des&nbsp;<b>Franciliens</b>&nbsp;<span style=\"background-color: rgb(255, 255, 255);\">estiment que la&nbsp;<b>qualit\u00e9 de l'environnement</b>&nbsp;est bonne</span>", 
            "question": 3, 
            "variation": "", 
            "format": "proportion"
        }
    }, 
    {
        "pk": 44, 
        "model": "barometre.introduction", 
        "fields": {
            "profil": 4, 
            "sentence": "des&nbsp;<b>18-24 ans</b>&nbsp;<span style=\"background-color: rgb(255, 255, 255);\">estiment que la&nbsp;<b>qualit\u00e9 de l'environnement</b>&nbsp;est bonne</span>", 
            "question": 3, 
            "variation": "", 
            "format": "proportion"
        }
    }, 
    {
        "pk": 45, 
        "model": "barometre.introduction", 
        "fields": {
            "profil": 13, 
            "sentence": "des&nbsp;<b>retrait\u00e9s</b>&nbsp;<span style=\"background-color: rgb(255, 255, 255);\">estiment que la&nbsp;<b>qualit\u00e9 de l'environnement</b>&nbsp;est bonne</span><br>\r\n", 
            "question": 3, 
            "variation": "", 
            "format": "proportion"
        }
    }, 
    {
        "pk": 46, 
        "model": "barometre.introduction", 
        "fields": {
            "profil": 8, 
            "sentence": "Evolution du taux de satisfaction chez les&nbsp;<b>65 ans et plus</b>&nbsp;depuis un an", 
            "question": 3, 
            "variation": "last_year", 
            "format": "trend"
        }
    }, 
    {
        "pk": 47, 
        "model": "barometre.introduction", 
        "fields": {
            "profil": 16, 
            "sentence": "Evolution du taux de satisfaction chez les&nbsp;<b>habitants des Yvelines</b>&nbsp;depuis les 2 derniers mois", 
            "question": 3, 
            "variation": "", 
            "format": "simple"
        }
    }, 
    {
        "pk": 48, 
        "model": "barometre.introduction", 
        "fields": {
            "profil": 16, 
            "sentence": "Evolution du taux de satisfaction chez les&nbsp;<b>habitants des Yvelines</b>&nbsp;depuis les 2 derniers mois", 
            "question": 3, 
            "variation": "last_2_month", 
            "format": "trend"
        }
    }, 
    {
        "pk": 49, 
        "model": "barometre.introduction", 
        "fields": {
            "profil": 11, 
            "sentence": "Evolution du taux de satisfaction chez les&nbsp;<b>employ\u00e9s et personnels de service</b>&nbsp;depuis les deux derniers mois", 
            "question": 3, 
            "variation": "last_2_month", 
            "format": "trend"
        }
    }, 
    {
        "pk": 50, 
        "model": "barometre.introduction", 
        "fields": {
            "profil": 14, 
            "sentence": "Evolution du taux de satisfaction chez les&nbsp;<b>Parisiens</b>&nbsp;depuis un an", 
            "question": 3, 
            "variation": "last_year", 
            "format": "trend"
        }
    }, 
    {
        "pk": 12, 
        "model": "barometre.introduction", 
        "fields": {
            "profil": 4, 
            "sentence": "Que pensent <b>les jeunes</b> de 18-24 ans de la<b> qualit\u00e9 de l'environnement</b> ?", 
            "question": 3, 
            "variation": "", 
            "format": "simple"
        }
    }, 
    {
        "pk": 11, 
        "model": "barometre.introduction", 
        "fields": {
            "profil": 13, 
            "sentence": "des <b>retrait\u00e9s</b> s'estiment satisfaits de la <b>situation \u00e9conomique</b>.", 
            "question": 2, 
            "variation": "", 
            "format": "proportion"
        }
    }, 
    {
        "pk": 9, 
        "model": "barometre.introduction", 
        "fields": {
            "profil": 8, 
            "sentence": "Que pensent les <b>plus de 65 ans</b> des<b> transports en commun</b> ?", 
            "question": 1, 
            "variation": "", 
            "format": "simple"
        }
    }, 
    {
        "pk": 7, 
        "model": "barometre.introduction", 
        "fields": {
            "profil": 2, 
            "sentence": "des <b>hommes</b> s'estiment satisfaits par les<b> transports en commun</b>.", 
            "question": 1, 
            "variation": "", 
            "format": "proportion"
        }
    }, 
    {
        "pk": 6, 
        "model": "barometre.introduction", 
        "fields": {
            "profil": 14, 
            "sentence": "des <b>Parisiens</b> s'estiment satisfaits de la <b>qualit\u00e9 de l'environnement</b>.", 
            "question": 3, 
            "variation": "", 
            "format": "proportion"
        }
    }, 
    {
        "pk": 5, 
        "model": "barometre.introduction", 
        "fields": {
            "profil": 21, 
            "sentence": "Que pense-t-on de la<b> qualit\u00e9 de l'environnement</b> dans le <b>Val-d'Oise </b>?", 
            "question": 3, 
            "variation": "", 
            "format": "simple"
        }
    }, 
    {
        "pk": 3, 
        "model": "barometre.introduction", 
        "fields": {
            "profil": 9, 
            "sentence": "Que pensent les <b>cadres</b> de la <b>situation \u00e9conomique</b> ?", 
            "question": 2, 
            "variation": "", 
            "format": "simple"
        }
    }, 
    {
        "pk": 2, 
        "model": "barometre.introduction", 
        "fields": {
            "profil": 1, 
            "sentence": "millions de <b>Franciliens</b> estiment que la <b>situation \u00e9conomique</b> est dynamique.", 
            "question": 2, 
            "variation": "", 
            "format": "number"
        }
    }, 
    {
        "pk": 1, 
        "model": "barometre.introduction", 
        "fields": {
            "profil": 12, 
            "sentence": "des <b>ouvriers</b> s'estiment satisfait des <b>transports en commun</b>.", 
            "question": 1, 
            "variation": "", 
            "format": "proportion"
        }
    }, 
    {
        "pk": 13, 
        "model": "barometre.introduction", 
        "fields": {
            "profil": 1, 
            "sentence": "millions de <b>franciliens</b> estiment que la <b>qualit\u00e9 de l'environnement</b> est satisfaisante.", 
            "question": 3, 
            "variation": "", 
            "format": "number"
        }
    }, 
    {
        "pk": 14, 
        "model": "barometre.introduction", 
        "fields": {
            "profil": 1, 
            "sentence": "<span style=\"background-color: rgb(255, 255, 255);\">millions de Franciliens pensent que les transports en commun sont satisfaisants</span>", 
            "question": 1, 
            "variation": "", 
            "format": "number"
        }
    }, 
    {
        "pk": 10, 
        "model": "barometre.introduction", 
        "fields": {
            "profil": 14, 
            "sentence": "Evolution du taux de satisfaction chez les <b>parisiens</b> depuis un an.", 
            "question": 1, 
            "variation": "last_year", 
            "format": "trend"
        }
    }, 
    {
        "pk": 8, 
        "model": "barometre.introduction", 
        "fields": {
            "profil": 1, 
            "sentence": "\u00c9volution du taux de satisfaction chez les <b>franciliens</b> depuis 2 mois.", 
            "question": 2, 
            "variation": "last_2_month", 
            "format": "trend"
        }
    }, 
    {
        "pk": 4, 
        "model": "barometre.introduction", 
        "fields": {
            "profil": 3, 
            "sentence": "Evolution du taux de satisfaction chez les <b>femmes</b> depuis un an.", 
            "question": 3, 
            "variation": "last_year", 
            "format": "trend"
        }
    },
    {
        "pk": 1, 
        "model": "auth.user", 
        "fields": {
            "username": "admin", 
            "first_name": "", 
            "last_name": "", 
            "is_active": true, 
            "is_superuser": true, 
            "is_staff": true, 
            "last_login": "2013-06-14T10:10:25.871Z", 
            "groups": [], 
            "user_permissions": [], 
            "password": "pbkdf2_sha256$10000$CzO6L6EA15XB$7iowsIy9r/nbWIPEhVYcZ4hxAiLME+BSUORa2AiAvbY=", 
            "email": "hello@pirhoo.com", 
            "date_joined": "2013-06-14T10:10:16.025Z"
        }
    },
    {
        "pk": 2, 
        "model": "auth.user", 
        "fields": {
            "username": "idf", 
            "first_name": "", 
            "last_name": "", 
            "is_active": true, 
            "is_superuser": false, 
            "is_staff": true, 
            "last_login": "2013-07-10T15:58:19.564Z", 
            "groups": [], 
            "user_permissions": [
                25, 
                43, 
                26, 
                44, 
                27, 
                45, 
                37, 
                38, 
                39
            ], 
            "password": "pbkdf2_sha256$10000$SiSzS8t7R0pD$7+LEHuWvoWP/hA4EL9RlzyA8+pVx4sjnq8446txavS0=", 
            "email": "", 
            "date_joined": "2013-07-03T11:29:31Z"
        }
    }
]